{"name":"a27fae02-f673-47f9-a78d-e0ae9d7c21d0","id":"/providers/Microsoft.Flow/flows/a27fae02-f673-47f9-a78d-e0ae9d7c21d0","type":"Microsoft.Flow/flows","properties":{"apiId":"/providers/Microsoft.PowerApps/apis/shared_logicflows","displayName":"Button -> Get items,Select","definition":{"metadata":{"workflowEntityId":null,"processAdvisorMetadata":null,"flowclientsuspensionreason":"None","flowclientsuspensiontime":null,"creator":{"id":"7a887fc1-b4c0-49d6-8d62-7e887fa30937","type":"User","tenantId":"e4168de5-c793-44d7-b204-0662c8127841"},"provisioningMethod":"FromDefinition","failureAlertSubscription":true,"clientLastModifiedTime":"2022-06-15T08:23:54.9671185Z","flowclientsuspensionreasondetails":null},"$schema":"https://schema.management.azure.com/providers/Microsoft.Logic/schemas/2016-06-01/workflowdefinition.json#","contentVersion":"1.0.0.0","parameters":{"$connections":{"defaultValue":{},"type":"Object"},"$authentication":{"defaultValue":{},"type":"SecureObject"}},"triggers":{"manual":{"metadata":{"operationMetadataId":"72adaa06-dfd8-43d5-a94f-cba628138fc1"},"type":"Request","kind":"Button","inputs":{"schema":{"type":"object","properties":{},"required":[]}}}},"actions":{"Get_items":{"runAfter":{},"metadata":{"operationMetadataId":"60f756ab-af4d-4e5a-9280-5343ebbf443b"},"type":"OpenApiConnection","inputs":{"host":{"apiId":"/providers/Microsoft.PowerApps/apis/shared_sharepointonline","connectionName":"shared_sharepointonline","operationId":"GetItems"},"parameters":{"dataset":"https://5ydm6t.sharepoint.com/sites/SharepointLearnings","table":"e255b06c-bc48-4702-8928-c96d3abb7884"},"authentication":{"value":"@json(decodeBase64(triggerOutputs().headers['X-MS-APIM-Tokens']))['$ConnectionKey']","type":"Raw"}}},"Select":{"runAfter":{"Get_items":["Succeeded"]},"metadata":{"operationMetadataId":"3593343a-688d-4e3b-8295-605cf1d543ee"},"type":"Select","inputs":{"from":"@outputs('Get_items')?['body/value']","select":{"Title":"@item()?['Title']","Name":"@item()?['Name']","Designation":"@item()?['Designation']"}}}}},"connectionReferences":{"shared_sharepointonline":{"connectionName":"b5c6e3ddc70740149a7027786b567d51","source":"Invoker","id":"/providers/Microsoft.PowerApps/apis/shared_sharepointonline","tier":"NotSpecified"}},"flowFailureAlertSubscribed":false,"isManaged":false}}