{"name":"93128c5e-3222-44f2-8176-28b32ae2391d","id":"/providers/Microsoft.Flow/flows/93128c5e-3222-44f2-8176-28b32ae2391d","type":"Microsoft.Flow/flows","properties":{"apiId":"/providers/Microsoft.PowerApps/apis/shared_logicflows","displayName":"Multi-Level approval","definition":{"metadata":{"workflowEntityId":null,"processAdvisorMetadata":null,"flowclientsuspensionreason":"CompanyDlpViolation","flowclientsuspensiontime":"2022-12-13T16:17:18.3226129Z","creator":{"id":"7a887fc1-b4c0-49d6-8d62-7e887fa30937","type":"User","tenantId":"e4168de5-c793-44d7-b204-0662c8127841"},"provisioningMethod":"FromDefinition","failureAlertSubscription":true,"clientLastModifiedTime":"2022-04-02T15:53:51.001883Z","flowclientsuspensionreasondetails":null},"$schema":"https://schema.management.azure.com/providers/Microsoft.Logic/schemas/2016-06-01/workflowdefinition.json#","contentVersion":"1.0.0.0","parameters":{"$connections":{"defaultValue":{},"type":"Object"},"$authentication":{"defaultValue":{},"type":"SecureObject"}},"triggers":{"When_an_item_is_created":{"recurrence":{"frequency":"Minute","interval":1},"splitOn":"@triggerOutputs()?['body/value']","metadata":{"operationMetadataId":"147838f0-3ce3-4a08-9b30-8f2e7b0befab"},"type":"OpenApiConnection","inputs":{"host":{"apiId":"/providers/Microsoft.PowerApps/apis/shared_sharepointonline","connectionName":"shared_sharepointonline","operationId":"GetOnNewItems"},"parameters":{"dataset":"https://5ydm6t.sharepoint.com/sites/SharepointLearnings","table":"b2d1f415-e42a-4a29-b66f-5c01d1b4eb26"},"authentication":"@parameters('$authentication')"}}},"actions":{"Update_item":{"runAfter":{},"metadata":{"operationMetadataId":"1d6bd06a-c087-4768-8c6a-2bf60dbe6197"},"type":"OpenApiConnection","inputs":{"host":{"apiId":"/providers/Microsoft.PowerApps/apis/shared_sharepointonline","connectionName":"shared_sharepointonline","operationId":"PatchItem"},"parameters":{"dataset":"https://5ydm6t.sharepoint.com/sites/SharepointLearnings","table":"b2d1f415-e42a-4a29-b66f-5c01d1b4eb26","id":"@triggerOutputs()?['body/ID']","item/Title":"@triggerOutputs()?['body/Title']","item/StartDate":"@triggerOutputs()?['body/StartDate']","item/EndDate":"@triggerOutputs()?['body/EndDate']","item/Amount":"@triggerOutputs()?['body/Amount']","item/Description":"@triggerOutputs()?['body/Description']","item/ApprovalStatus/Value":"Pending"},"authentication":"@parameters('$authentication')"}},"Approvers":{"runAfter":{"Update_item":["Succeeded"]},"metadata":{"operationMetadataId":"77e30c7a-a785-414c-918e-d496f60e1708"},"type":"InitializeVariable","inputs":{"variables":[{"name":"varApprover","type":"array","value":"['admin@5ydm6t.onmicrosoft.com']"}]}},"Status":{"runAfter":{"Approvers":["Succeeded"]},"metadata":{"operationMetadataId":"2f5f2e30-ffd1-4de7-8323-4d960e898943"},"type":"InitializeVariable","inputs":{"variables":[{"name":"varStatus","type":"string","value":"Pending"}]}},"Apply_to_each":{"foreach":"@variables('varApprover')","actions":{"Condition":{"actions":{"Start_and_wait_for_an_approval":{"runAfter":{},"metadata":{"operationMetadataId":"bfb336f9-4b67-479d-8d05-674a66aa787c"},"type":"OpenApiConnectionWebhook","inputs":{"host":{"apiId":"/providers/Microsoft.PowerApps/apis/shared_approvals","connectionName":"shared_approvals","operationId":"StartAndWaitForAnApproval"},"parameters":{"approvalType":"Basic","WebhookApprovalCreationInput/title":"Expense approver for @{outputs('Update_item')?['body/Title']}","WebhookApprovalCreationInput/assignedTo":"@{item()};","WebhookApprovalCreationInput/details":"@{outputs('Update_item')?['body/Title']}\n@{outputs('Update_item')?['body/Amount']}","WebhookApprovalCreationInput/itemLink":"@outputs('Update_item')?['body/{Link}']","WebhookApprovalCreationInput/itemLinkDescription":"@outputs('Update_item')?['body/Title']","WebhookApprovalCreationInput/enableNotifications":true,"WebhookApprovalCreationInput/enableReassignment":true},"authentication":"@parameters('$authentication')"}},"Condition_2":{"actions":{"Condition_3":{"actions":{"Update_item_3":{"runAfter":{},"metadata":{"operationMetadataId":"496ee90e-bed9-4731-a28e-188b1ca878df"},"type":"OpenApiConnection","inputs":{"host":{"apiId":"/providers/Microsoft.PowerApps/apis/shared_sharepointonline","connectionName":"shared_sharepointonline","operationId":"PatchItem"},"parameters":{"dataset":"https://5ydm6t.sharepoint.com/sites/SharepointLearnings","table":"b2d1f415-e42a-4a29-b66f-5c01d1b4eb26","id":"@outputs('Update_item')?['body/ID']","item/Title":"@outputs('Update_item')?['body/Title']","item/StartDate":"@triggerOutputs()?['body/StartDate']","item/EndDate":"@outputs('Update_item')?['body/EndDate']","item/Amount":"@outputs('Update_item')?['body/Amount']","item/Description":"@outputs('Update_item')?['body/Description']","item/ApprovalStatus/Value":"Approved"},"authentication":"@parameters('$authentication')"}}},"runAfter":{},"expression":{"equals":["@length('varApprover')","@variables('varCounter')"]},"metadata":{"operationMetadataId":"39f7ad65-0e31-46f8-817d-7cc0eac4302a"},"type":"If"}},"runAfter":{"Increment_variable":["Succeeded"]},"else":{"actions":{"Update_Item_status_rejected":{"runAfter":{},"metadata":{"operationMetadataId":"a6a46d84-1991-4abf-9404-daf8b0536b65"},"type":"OpenApiConnection","inputs":{"host":{"apiId":"/providers/Microsoft.PowerApps/apis/shared_sharepointonline","connectionName":"shared_sharepointonline","operationId":"PatchItem"},"parameters":{"dataset":"https://5ydm6t.sharepoint.com/sites/SharepointLearnings","table":"b2d1f415-e42a-4a29-b66f-5c01d1b4eb26","id":"@outputs('Update_item')?['body/ID']","item/Title":"@outputs('Update_item')?['body/Title']","item/StartDate":"@outputs('Update_item')?['body/StartDate']","item/EndDate":"@outputs('Update_item')?['body/EndDate']","item/Amount":"@outputs('Update_item')?['body/Amount']","item/Description":"@outputs('Update_item')?['body/Description']","item/ApprovalStatus/Value":"Rejected"},"authentication":"@parameters('$authentication')"}},"Set_variable":{"runAfter":{"Update_Item_status_rejected":["Succeeded"]},"metadata":{"operationMetadataId":"ad4722c1-a817-489f-8a12-aeae4cba117b"},"type":"SetVariable","inputs":{"name":"varStatus","value":"Rejected"}}}},"expression":{"equals":["@outputs('Start_and_wait_for_an_approval')?['body/outcome']","Approve"]},"metadata":{"operationMetadataId":"6f1ee3cf-41ae-4de8-969f-b4a2d37cc972"},"type":"If"},"Increment_variable":{"runAfter":{"Start_and_wait_for_an_approval":["Succeeded"]},"metadata":{"operationMetadataId":"35755228-0406-4a45-93d8-601d1e750764"},"type":"IncrementVariable","inputs":{"name":"varCounter","value":1}}},"runAfter":{},"expression":{"not":{"equals":["@variables('varStatus')","Rejected"]}},"metadata":{"operationMetadataId":"290a69bb-caca-4b62-b0a8-756018d2f5da"},"type":"If"}},"runAfter":{"Initialize_variable":["Succeeded"]},"metadata":{"operationMetadataId":"ca5bf8ee-adef-40b3-b5b8-59c548a0f7d5"},"type":"Foreach"},"Initialize_variable":{"runAfter":{"Status":["Succeeded"]},"metadata":{"operationMetadataId":"e4f978c0-f94f-498f-b9cd-a4353c6051c2"},"type":"InitializeVariable","inputs":{"variables":[{"name":"varCounter","type":"integer","value":0}]}}}},"connectionReferences":{"shared_sharepointonline":{"connectionName":"b5c6e3ddc70740149a7027786b567d51","source":"Embedded","id":"/providers/Microsoft.PowerApps/apis/shared_sharepointonline","tier":"NotSpecified"},"shared_approvals":{"connectionName":"shared-approvals-8febf5fb-b52b-48d4-a0ea-cb2894d44583","source":"Embedded","id":"/providers/Microsoft.PowerApps/apis/shared_approvals","tier":"NotSpecified"}},"flowFailureAlertSubscribed":false,"isManaged":false}}