{"name":"02961857-52a5-4b97-9535-87528055be86","id":"/providers/Microsoft.Flow/flows/02961857-52a5-4b97-9535-87528055be86","type":"Microsoft.Flow/flows","properties":{"apiId":"/providers/Microsoft.PowerApps/apis/shared_logicflows","displayName":"Powerautomate10features","definition":{"metadata":{"workflowEntityId":null,"processAdvisorMetadata":null,"flowclientsuspensionreason":"None","flowclientsuspensiontime":null,"flowclientsuspensionreasondetails":null,"creator":{"id":"7a887fc1-b4c0-49d6-8d62-7e887fa30937","type":"User","tenantId":"e4168de5-c793-44d7-b204-0662c8127841"},"provisioningMethod":"FromDefinition","failureAlertSubscription":true,"clientLastModifiedTime":"2022-11-28T05:37:53.3978831Z"},"$schema":"https://schema.management.azure.com/providers/Microsoft.Logic/schemas/2016-06-01/workflowdefinition.json#","contentVersion":"1.0.0.0","parameters":{"$authentication":{"defaultValue":{},"type":"SecureObject"}},"triggers":{"manual":{"metadata":{"operationMetadataId":"bcd29ac1-a0bc-4e8b-bc0e-02b73fe49924"},"type":"Request","kind":"Button","inputs":{"schema":{"type":"object","properties":{},"required":[]}}}},"actions":{"Array":{"runAfter":{},"metadata":{"operationMetadataId":"8810770a-6f05-4993-9006-1b463cb25db1"},"type":"Compose","inputs":[1,3,4,7,5,6,8,9,2]},"Sort_Array":{"runAfter":{"Array":["Succeeded"]},"metadata":{"operationMetadataId":"1a19c8cf-c5e4-4312-9c25-d6b50a6673b6"},"type":"Compose","inputs":"Sorted array is: @{sort(outputs('Array'))}\nAnd the reverse array is: @{Reverse(sort(outputs('Array')))}"},"Array_Obj":{"runAfter":{"Sort_Array":["Succeeded"]},"metadata":{"operationMetadataId":"a830c208-e0ba-46d7-b71a-0b47982d371c"},"type":"Compose","inputs":[{"name":"Keerthi"},{"name":"Rakshi"},{"name":"Sai"},{"name":"Hari"},{"name":"Santhi"},{"name":"Ramesh"}]},"Sort_by_Name":{"runAfter":{"Array_Obj":["Succeeded"]},"metadata":{"operationMetadataId":"9c9b3f86-c2a8-4db3-83c5-1e9b9f41d5f9"},"type":"Compose","inputs":"Array that sorted by name: @{sort(outputs('Array_Obj'),'name')}\nChunk : @{chunk(outputs('Array_Obj'),2)}"},"More_expressions":{"runAfter":{"Sort_by_Name":["Succeeded"]},"metadata":{"operationMetadataId":"86876a69-3c0e-4f95-82f9-81d71bd417b7"},"type":"Compose","inputs":"Is int : @{isInt('1')},\nIs float: @{isFloat('2.5')}"}}},"connectionReferences":{},"flowFailureAlertSubscribed":false,"isManaged":false}}