{"name":"10b49540-b0f2-479d-bc9d-8c73074529c2","id":"/providers/Microsoft.Flow/flows/10b49540-b0f2-479d-bc9d-8c73074529c2","type":"Microsoft.Flow/flows","properties":{"apiId":"/providers/Microsoft.PowerApps/apis/shared_logicflows","displayName":"Send myself a reminder in 10 minutes","definition":{"metadata":{"workflowEntityId":null,"processAdvisorMetadata":null,"flowclientsuspensionreason":"None","flowclientsuspensiontime":null,"creator":{"id":"7a887fc1-b4c0-49d6-8d62-7e887fa30937","type":"User","tenantId":"e4168de5-c793-44d7-b204-0662c8127841"},"provisioningMethod":"FromDefinition","failureAlertSubscription":true,"clientLastModifiedTime":"2022-06-08T10:16:33.8661453Z","flowclientsuspensionreasondetails":null},"$schema":"https://schema.management.azure.com/providers/Microsoft.Logic/schemas/2016-06-01/workflowdefinition.json#","contentVersion":"1.0.0.0","parameters":{"$connections":{"defaultValue":{},"type":"Object"},"$authentication":{"defaultValue":{},"type":"SecureObject"}},"triggers":{"manual":{"metadata":{"operationMetadataId":"0385bc09-e2f5-496a-b843-7a569f0ffcca"},"type":"Request","kind":"Button","inputs":{"schema":{"type":"object","properties":{},"required":[]}}}},"actions":{"Delay":{"runAfter":{},"metadata":{"operationMetadataId":"1a613dc9-f2eb-4339-a9d7-fdae06159999"},"type":"Wait","inputs":{"interval":{"count":10,"unit":"Minute"}}},"Send_a_push_notification":{"runAfter":{"Delay":["Succeeded"]},"metadata":{"operationMetadataId":"d10ec73a-acea-4595-b6f1-13da3e3fc7d0"},"type":"OpenApiConnection","inputs":{"host":{"apiId":"/providers/Microsoft.PowerApps/apis/shared_flowpush","connectionName":"shared_flowpush","operationId":"SendNotification"},"parameters":{"NotificationDefinition/notificationText":"Reminder by Power Automate"},"authentication":{"value":"@json(decodeBase64(triggerOutputs().headers['X-MS-APIM-Tokens']))['$ConnectionKey']","type":"Raw"}}}},"outputs":{},"description":"Use this template to send yourself a custom delayed reminder which can be triggered with a button tap - for example, when you are close to completing a meeting or when you step into the office."},"connectionReferences":{"shared_flowpush":{"connectionName":"shared-flowpush-93b9ea3b-90c3-4e67-ac97-3c8763b3ef05","source":"Invoker","id":"/providers/Microsoft.PowerApps/apis/shared_flowpush","tier":"NotSpecified"}},"flowFailureAlertSubscribed":false,"isManaged":false}}