{"name":"674a5755-c9b0-40c2-9c38-695b5b3cf0d7","id":"/providers/Microsoft.Flow/flows/674a5755-c9b0-40c2-9c38-695b5b3cf0d7","type":"Microsoft.Flow/flows","properties":{"apiId":"/providers/Microsoft.PowerApps/apis/shared_logicflows","displayName":"Recurrence Demo","definition":{"metadata":{"workflowEntityId":null,"processAdvisorMetadata":null,"flowclientsuspensionreason":"None","flowclientsuspensiontime":null,"creator":{"id":"7a887fc1-b4c0-49d6-8d62-7e887fa30937","type":"User","tenantId":"e4168de5-c793-44d7-b204-0662c8127841"},"provisioningMethod":"FromDefinition","failureAlertSubscription":true,"clientLastModifiedTime":"2022-06-08T10:05:10.4209459Z","flowclientsuspensionreasondetails":null},"$schema":"https://schema.management.azure.com/providers/Microsoft.Logic/schemas/2016-06-01/workflowdefinition.json#","contentVersion":"1.0.0.0","parameters":{"$authentication":{"defaultValue":{},"type":"SecureObject"}},"triggers":{"Recurrence":{"recurrence":{"frequency":"Minute","interval":1,"timeZone":"India Standard Time","startTime":"2022-06-08T04:30:00.000Z"},"metadata":{"operationMetadataId":"34fb4c37-5bf3-4357-921f-1670d4ed17ca"},"type":"Recurrence"}},"actions":{"Compose":{"runAfter":{},"metadata":{"operationMetadataId":"edf17e4c-459f-472b-a4d6-a7f9d02b3a0e"},"type":"Compose","inputs":[0,1,2,3,4,5,6,7,8,9]}}},"connectionReferences":{},"flowFailureAlertSubscribed":false,"isManaged":false}}