{"name":"64a84375-94c4-4844-9279-d21e95b7013c","id":"/providers/Microsoft.Flow/flows/64a84375-94c4-4844-9279-d21e95b7013c","type":"Microsoft.Flow/flows","properties":{"apiId":"/providers/Microsoft.PowerApps/apis/shared_logicflows","displayName":"UpdateSPOCols","definition":{"metadata":{"workflowEntityId":null,"processAdvisorMetadata":null,"flowclientsuspensionreason":"None","flowclientsuspensiontime":null,"creator":{"id":"7a887fc1-b4c0-49d6-8d62-7e887fa30937","type":"User","tenantId":"e4168de5-c793-44d7-b204-0662c8127841"},"provisioningMethod":"FromDefinition","failureAlertSubscription":true,"clientLastModifiedTime":"2022-04-13T13:43:47.7973677Z","flowclientsuspensionreasondetails":null},"$schema":"https://schema.management.azure.com/providers/Microsoft.Logic/schemas/2016-06-01/workflowdefinition.json#","contentVersion":"1.0.0.0","parameters":{"$connections":{"defaultValue":{},"type":"Object"},"$authentication":{"defaultValue":{},"type":"SecureObject"}},"triggers":{"manual":{"metadata":{"operationMetadataId":"9a14e8da-4b78-49ee-accc-051a0e411e61"},"type":"Request","kind":"Button","inputs":{"schema":{"type":"object","properties":{},"required":[]}}}},"actions":{"Get_items":{"runAfter":{},"metadata":{"operationMetadataId":"d8ef668c-cc25-4ca5-8312-8b9273196157"},"type":"OpenApiConnection","inputs":{"host":{"apiId":"/providers/Microsoft.PowerApps/apis/shared_sharepointonline","connectionName":"shared_sharepointonline","operationId":"GetItems"},"parameters":{"dataset":"https://5ydm6t.sharepoint.com/sites/SharepointLearnings","table":"fe09b871-f2da-4a50-9cb1-2c462ab9607d"},"authentication":{"value":"@json(decodeBase64(triggerOutputs().headers['X-MS-APIM-Tokens']))['$ConnectionKey']","type":"Raw"}}},"Apply_to_each":{"foreach":"@outputs('Get_items')?['body/value']","actions":{"Update_item":{"runAfter":{},"metadata":{"operationMetadataId":"6e1b1e36-c73d-498b-9eee-3df4b9b8e3d7"},"type":"OpenApiConnection","inputs":{"host":{"apiId":"/providers/Microsoft.PowerApps/apis/shared_sharepointonline","connectionName":"shared_sharepointonline","operationId":"PatchItem"},"parameters":{"dataset":"https://5ydm6t.sharepoint.com/sites/SharepointLearnings","table":"fe09b871-f2da-4a50-9cb1-2c462ab9607d","id":"@items('Apply_to_each')?['ID']","item/Title":"test","item/test/Value":"@outputs('Compose')","item/Status/Value":"@null"},"authentication":{"value":"@json(decodeBase64(triggerOutputs().headers['X-MS-APIM-Tokens']))['$ConnectionKey']","type":"Raw"}}}},"runAfter":{"Compose":["Succeeded"]},"metadata":{"operationMetadataId":"adc50bb7-9355-4196-9cb8-07331e984b31"},"type":"Foreach"},"Compose":{"runAfter":{"Get_items":["Succeeded"]},"metadata":{"operationMetadataId":"01ecac30-2398-4a19-8da2-e46f2bb671cb"},"type":"Compose","inputs":"@string('')"}}},"connectionReferences":{"shared_sharepointonline":{"connectionName":"b5c6e3ddc70740149a7027786b567d51","source":"Invoker","id":"/providers/Microsoft.PowerApps/apis/shared_sharepointonline","tier":"NotSpecified"}},"flowFailureAlertSubscribed":false,"isManaged":false}}