{"name":"4c22a817-7c8a-4759-bb4d-5b16af91b698","id":"/providers/Microsoft.Flow/flows/4c22a817-7c8a-4759-bb4d-5b16af91b698","type":"Microsoft.Flow/flows","properties":{"apiId":"/providers/Microsoft.PowerApps/apis/shared_logicflows","displayName":"Save a message to OneNote","definition":{"metadata":{"workflowEntityId":null,"processAdvisorMetadata":null,"flowclientsuspensionreason":"None","flowclientsuspensiontime":null,"creator":{"id":"7a887fc1-b4c0-49d6-8d62-7e887fa30937","type":"User","tenantId":"e4168de5-c793-44d7-b204-0662c8127841"},"provisioningMethod":"FromDefinition","failureAlertSubscription":true,"clientLastModifiedTime":"2022-04-09T08:55:13.100186Z","flowclientsuspensionreasondetails":null},"$schema":"https://schema.management.azure.com/providers/Microsoft.Logic/schemas/2016-06-01/workflowdefinition.json#","contentVersion":"1.0.0.0","parameters":{"$connections":{"defaultValue":{},"type":"Object"},"$authentication":{"defaultValue":{},"type":"SecureObject"}},"triggers":{"manual":{"splitOn":"@triggerBody()['rows']","metadata":{"flowSystemMetadata":{"swaggerOperationId":"ForASelectedMessage","taskModuleWidth":null,"taskModuleHeight":null,"inputsAdaptiveCard":"{\"$schema\":\"http://adaptivecards.io/schemas/adaptive-card.json\",\"type\":\"AdaptiveCard\",\"version\":\"1.2\",\"body\":[{\"type\":\"TextBlock\",\"weight\":\"Bolder\",\"size\":\"Medium\",\"text\":\"Add a note\"},{\"type\":\"TextBlock\",\"text\":\"Provide more context when saving this message to OneNote by adding an optional note\",\"isSubtle\":true,\"wrap\":true},{\"type\":\"TextBlock\",\"text\":\"Note (optional)\",\"wrap\":true},{\"type\":\"Input.Text\",\"id\":\"myNote\",\"placeholder\":\"Add a note to go along with the message\",\"spacing\":\"None\",\"isMultiline\":true}],\"actions\":[{\"type\":\"Action.Submit\",\"title\":\"Submit\"}],\"-ms-tokens\":{}}"},"operationMetadataId":"03c78394-0efc-4ccb-a172-fc436d3f7d54"},"type":"Request","kind":"ApiConnection","inputs":{"schema":{"type":"object","properties":{"rows":{"type":"array","items":{"type":"object","properties":{"entity":{"type":"object","properties":{"teamsFlowRunContext":{"type":"object","properties":{"messagePayload":{"type":"object","properties":{"from":{"type":"object","properties":{"user":{"type":"object","properties":{"displayName":{"title":"Sender User Display Name","type":"string"}},"required":[]}},"required":[]}},"required":[]}}}},"required":["teamsFlowRunContext"]}},"required":["entity"]}}},"required":["rows"]},"host":{"connection":{"name":"@parameters('$connections')['shared_teams']['connectionId']"},"api":{"runtimeUrl":"https://flow-apim-unitedstates-002-westus-01.azure-apim.net/apim/teams"}},"operationId":"ForASelectedMessage","parameters":{"inputsAdaptiveCard":"{\"$schema\":\"http://adaptivecards.io/schemas/adaptive-card.json\",\"type\":\"AdaptiveCard\",\"version\":\"1.2\",\"body\":[{\"type\":\"TextBlock\",\"weight\":\"Bolder\",\"size\":\"Medium\",\"text\":\"Add a note\"},{\"type\":\"TextBlock\",\"text\":\"Provide more context when saving this message to OneNote by adding an optional note\",\"isSubtle\":true,\"wrap\":true},{\"type\":\"TextBlock\",\"text\":\"Note (optional)\",\"wrap\":true},{\"type\":\"Input.Text\",\"id\":\"myNote\",\"placeholder\":\"Add a note to go along with the message\",\"spacing\":\"None\",\"isMultiline\":true}],\"actions\":[{\"type\":\"Action.Submit\",\"title\":\"Submit\"}],\"-ms-tokens\":{}}"}}}},"actions":{"Create_page_in_a_section":{"runAfter":{},"metadata":{"operationMetadataId":"1abbde70-4d0b-46a4-9def-8930ce399634"},"type":"OpenApiConnection","inputs":{"host":{"apiId":"/providers/Microsoft.PowerApps/apis/shared_onenote","connectionName":"shared_onenote","operationId":"CreatePageInSection"},"parameters":{"notebookKey":"test|$|https://5ydm6t-my.sharepoint.com/personal/admin_5ydm6t_onmicrosoft_com/Documents/Notebooks/test","sectionId":"https://www.onenote.com/api/v1.0/myOrganization/siteCollections/6acf062b-e559-429f-a79d-5314fd0ec22e/sites/9540e5d6-387b-44e7-8c97-7fc173a7056f/notes/sections/1-077712ea-bfef-4e8d-9e4d-0c341d7ba9a7/pages","pageContent":"<html><head><title>Message from @{triggerBody()?['entity']?['teamsFlowRunContext']?['messagePayload']?['from']?['user']?['displayName']}</title></head><body><p>Message from @{triggerBody()?['entity']?['teamsFlowRunContext']?['messagePayload']?['from']?['user']?['displayName']} saved from Teams<br><br>Message details:<br>@{triggerBody()?['entity']?['teamsFlowRunContext']?['messagePayload']?['body']?['plainText']}<br><br>Notes:<br>@{triggerBody()?['entity']?['cardOutputs']?['myNote']}<br><br>Link to message:<br>@{triggerBody()?['entity']?['teamsFlowRunContext']?['messagePayload']?['linkToMessage']}</p></body></html>"},"authentication":{"value":"@json(decodeBase64(triggerOutputs().headers['X-MS-APIM-Tokens']))['$ConnectionKey']","type":"Raw"}}},"Get_my_profile_(V2)":{"runAfter":{"Create_page_in_a_section":["Succeeded"]},"metadata":{"operationMetadataId":"27de8e64-786b-47a0-9b58-fcb7e23a197d"},"type":"OpenApiConnection","inputs":{"host":{"apiId":"/providers/Microsoft.PowerApps/apis/shared_office365users","connectionName":"shared_office365users","operationId":"MyProfile_V2"},"parameters":{},"authentication":{"value":"@json(decodeBase64(triggerOutputs().headers['X-MS-APIM-Tokens']))['$ConnectionKey']","type":"Raw"}}},"Post_adaptive_card_in_a_chat_or_channel":{"runAfter":{"Get_my_profile_(V2)":["Succeeded"]},"metadata":{"operationMetadataId":"333bdfd6-a0e6-40f2-b4cc-6d9c80bb3ae2"},"type":"OpenApiConnection","inputs":{"host":{"apiId":"/providers/Microsoft.PowerApps/apis/shared_teams","connectionName":"shared_teams","operationId":"PostCardToConversation"},"parameters":{"poster":"Flow bot","location":"Chat with Flow bot","body/recipient":"@{outputs('Get_my_profile_(V2)')?['body/id']};","body/messageBody":"{\n    \"type\": \"AdaptiveCard\",\n    \"version\": \"1.0\",\n    \"body\": [\n        {\n            \"type\": \"TextBlock\",\n            \"text\": \"Message saved to OneNote\",\n            \"size\": \"Large\",\n            \"weight\": \"Bolder\"\n        },\n        {\n            \"type\": \"TextBlock\",\n            \"text\": \"Message from  @{triggerBody()?['entity']?['teamsFlowRunContext']?['messagePayload']?['from']?['user']?['displayName']} was successfully saved to OneNote.\",\n            \"wrap\": true\n        }\n    ],\n    \"actions\": [\n        {\n            \"type\": \"Action.OpenUrl\",\n            \"title\": \"View note\",\n            \"url\": \"@{outputs('Create_page_in_a_section')?['body/links/oneNoteWebUrl/href']}\"\n}],\"$schema\": \"http://adaptivecards.io/schemas/adaptive-card.json\"\n}\n"},"authentication":{"value":"@json(decodeBase64(triggerOutputs().headers['X-MS-APIM-Tokens']))['$ConnectionKey']","type":"Raw"}}}},"description":"Insert the content of a message into a new note."},"connectionReferences":{"shared_teams":{"connectionName":"shared-teams-aae5f587-e6cc-4669-8a4c-064bceca6b2a","source":"Invoker","id":"/providers/Microsoft.PowerApps/apis/shared_teams","tier":"NotSpecified"},"shared_onenote":{"connectionName":"shared-onenote-a3fbfe68-d94f-44a4-a24c-2fbde62d85b4","source":"Invoker","id":"/providers/Microsoft.PowerApps/apis/shared_onenote","tier":"NotSpecified"},"shared_office365users":{"connectionName":"b01b479daa894b64a12ee01cca888e79","source":"Invoker","id":"/providers/Microsoft.PowerApps/apis/shared_office365users","tier":"NotSpecified"}},"flowFailureAlertSubscribed":false,"isManaged":false}}